Ksqi1,Ksqi2,Ksqi3,Ssqi1,Ssqi2,Ssqi3,Class
19.46700608,4.147588936,11.82942265,2.073907408,0.096837928,-0.757891271,0
16.2736635,16.39348789,15.50371994,3.218162712,3.254599693,3.204189726,1
5.547719133,5.494872203,5.581145198,-0.474618798,-0.582038296,-0.468871535,1
2.803105695,3.737619608,20.36010672,-0.043674289,-0.006188522,2.19909289,0
12.67457912,14.22601758,17.81127582,-2.267637313,2.5340569,3.269856173,0
20.20307803,24.30783092,22.1258785,3.845753874,4.288246906,4.151948213,1
5.207861055,8.872871179,44.23704109,0.717741747,1.683470105,-4.545379854,0
17.4320626,18.33467629,17.10702857,3.428274652,3.683513522,3.369156546,1
15.49939935,17.17738878,17.36703,3.118140629,3.410531423,3.426192288,1
20.70817335,20.79114863,20.69520915,3.744338248,3.80990763,3.810999928,1
3.843410857,3.858002291,2.954616434,0.17956971,0.529626676,0.324511327,0
20.6439245,24.73622677,23.31674986,3.704361785,4.35637377,4.261731471,1
16.53731936,5.891606871,5.167336304,1.793027729,1.357717238,1.077185256,0
27.77589575,27.36529697,29.02053966,-4.577746695,-4.554756486,-4.766465133,1
5.366162874,7.122375174,3.392808684,-0.580636533,-0.514254816,0.608055203,0
4.344709459,6.97320641,7.066962039,0.737882644,0.411361563,-0.433881524,0
21.57003065,23.08021928,22.02088969,4.021379032,4.184271833,4.140425045,1
16.80009878,17.94836381,17.97653526,2.943918416,3.234819383,3.222692182,1
24.90735108,25.579293,27.18498953,4.51499561,4.613121147,4.734492096,1
11.76772097,15.06332102,14.70714598,2.419457972,2.874779006,2.925052041,1
27.71675647,33.63671891,29.12556521,4.476084387,5.103064603,4.789773999,1
26.32794411,31.2709511,32.22764835,4.528981762,5.106447683,5.211475133,1
5.392663649,8.36861885,36.71712679,-0.552793402,-0.800748804,-4.999409659,0
14.33256007,15.52123078,16.1226043,2.730829738,3.012275784,3.069140133,1
2.290179598,4.200262804,3.961918021,0.025156488,-0.419122029,0.494526968,0
19.72953869,18.57038018,20.10854423,3.062052495,3.014859364,3.082346009,1
23.5547404,26.50558371,26.77779694,4.184323383,4.457475595,4.452774238,1
11.62122342,13.33467559,11.546574,2.620416484,2.806866276,2.610782323,1
3.116794418,6.859174166,2.474946639,0.079290839,1.044660829,-0.090192036,0
24.42713181,23.37689764,26.69971166,4.264076431,4.280070305,4.55126616,1
8.613601178,3.673491253,10.71801707,-1.771328867,0.495739345,-2.115086426,0
5.518170142,3.751652055,12.11216744,1.269655152,0.029420514,2.130070729,0
3.386450061,4.501506236,7.219885714,-0.266901642,0.887094761,-1.080277249,0
3.886610325,7.46230207,12.44315988,0.861618383,1.553095308,1.152925105,0
3.665653131,4.557875596,3.744315893,0.155515618,1.209645409,0.259532134,0
24.84231765,22.84216578,25.28617097,3.99675486,3.773941783,4.118719939,1
2.535144889,3.318039638,4.535301681,0.507308369,0.327356518,0.359939794,0
9.487129061,8.142756173,7.377004508,1.938325071,-1.065488137,-0.513021522,0
8.381035335,21.29616203,15.13095181,-2.005442446,-3.529097536,2.279838431,1
4.030176242,13.89505473,5.024945793,-0.48147183,-2.29282379,-0.751278748,0
8.796620305,4.582446411,4.379507008,-1.651944226,0.542515044,0.460164231,0
3.64244481,11.34037034,10.42058338,-0.714633924,-2.373367467,-2.095984834,0
6.657998094,3.769474308,5.017028943,-1.095232185,-0.134735723,-0.739833076,0
13.15422118,15.20505263,14.80429415,2.680838124,3.058804314,3.041763762,1
21.21701381,22.84650256,20.75807918,3.551275709,3.962973797,3.831703782,1
28.56865786,29.8083789,29.02487416,4.850382258,4.923011162,4.902855854,1
12.09060115,14.82437834,17.40119263,1.951945618,2.670851344,3.082537589,1
4.43898329,5.23667593,12.87640313,0.459772585,0.352576496,2.530038664,0
15.3332607,16.87630412,16.98402615,-2.99752395,-3.461672379,-3.399536831,1
9.899251679,17.17326154,14.2529257,2.131251438,3.258254046,2.888977619,1
16.04071096,17.13996761,16.68569,-3.357293565,-3.546833287,-3.474590328,1
2.453703395,2.585431906,4.063485912,-0.318990816,-0.049166465,0.789637945,0
3.098187302,3.536597293,3.29612402,0.140038548,0.194821519,0.468460687,0
16.95602839,14.57594383,11.77095059,3.365550122,3.084586295,2.424013273,1
4.038054158,3.501471759,5.040947113,0.290626302,0.572999537,0.654379776,0
21.19368286,22.05992136,20.21869899,4.116232404,4.200421338,4.05144,1
19.89756415,5.441390493,7.75256345,3.157872546,1.396341439,1.645199037,0
19.37613232,22.92976648,24.46654968,3.71247052,4.097321784,4.243900157,1
6.767804957,6.512523572,5.40242747,-0.018667594,0.704790614,0.805536372,0
3.405781096,4.772040856,3.197539674,-0.544869125,-0.343433436,0.276939884,0
19.13342306,22.31563117,22.55047656,3.657651764,4.318801247,4.350177079,1
18.02654177,20.18317571,21.46019473,3.535518883,3.855664196,4.070340642,1
3.50764152,2.890814056,3.764101306,-0.111908925,0.173440152,0.206609716,0
28.769405,30.57002083,34.70311176,4.719310238,4.940077295,5.26460709,1
10.00022887,4.451508567,3.490165929,2.229741302,-1.191301568,0.682057877,0
4.34729099,3.145566764,6.010744685,0.305618511,0.656741047,0.954220355,0
17.67817663,19.08029866,20.15021633,3.49025098,3.562490214,3.65971609,1
24.3361481,21.36010142,21.8978229,4.046738772,3.797589861,3.707963316,1
15.99144299,15.31982936,16.54878798,3.248274755,3.124395386,3.298453813,1
7.427925751,3.346335801,4.230636863,-1.322168103,-0.547937103,0.242592228,0
20.5291575,21.51605939,22.95127718,3.831345913,3.945955599,4.084125578,1
3.139516865,2.454428755,3.012295778,-0.642267195,-0.030045586,0.316783637,0
19.06730679,21.08709982,20.67957063,3.586295289,3.989823313,3.973517511,1
3.736603607,5.078535866,6.919800899,0.116272533,0.724409053,1.935030181,0
16.25879984,18.26706187,16.64478843,3.315325125,3.750520683,3.517220132,1
8.811845362,9.31689957,3.545624874,-1.733015769,-0.540532363,0.357700654,0
21.0050761,24.53371954,24.09712987,3.732432843,4.073318967,4.089548753,1
4.114496366,5.139488259,6.163115693,-0.891800222,-1.29726049,-1.501203363,0
19.72540845,22.08496879,19.86368142,3.531095384,3.757584269,3.52999911,1
21.14334592,21.9265774,23.61679239,4.083197406,4.311511796,4.430336377,1
8.375458284,65.37082687,80.66498453,1.876252562,5.792609403,7.580538282,0
16.33351415,17.31462639,19.35690497,3.344466747,3.594014161,3.761570361,1
3.358345072,3.291830664,9.66577293,-0.325557948,0.534563556,-0.605324281,0
28.1644808,21.88499019,29.14085389,4.203539307,3.977377263,4.227176989,0
5.932013542,19.74008842,20.63457282,1.289244857,3.793014811,3.881988098,0
23.12168294,28.12289853,26.29115309,4.110297641,4.645743767,4.624696335,1
25.61355034,4.169478516,6.982824006,3.677963443,0.192670034,-1.025777803,0
11.4682033,3.59798797,4.073087804,1.312480264,1.085176748,0.943344848,0
14.47229104,17.89081141,18.08982731,2.971407372,3.504333181,3.585401024,1
15.95697353,20.12994625,20.71682249,3.070134106,3.960489227,4.010567685,1
2.71277257,6.55572228,6.297985956,0.076945317,-0.786531449,1.728995639,0
5.51247095,11.91548574,6.63519932,-1.450395465,-2.842634583,-1.728263905,0
3.011706737,2.422855008,2.801294903,0.259523393,0.074045199,-0.094047812,0
6.44069952,6.307508298,7.549346581,-0.980358571,-1.116201241,-1.186753451,0
23.85639492,25.97394761,25.12543137,-4.294226493,-4.63176868,-4.592747472,1
5.261690599,5.834302012,5.332958218,-0.380733702,-1.48942492,0.511810573,0
19.50555544,21.17873526,18.23654343,3.522555979,3.750973812,3.558114167,1
14.97340569,16.35909023,9.503135839,-2.037321798,3.105892264,-1.559191469,0
9.102056756,19.63797024,6.325308904,0.022577392,-1.804269306,0.510681123,0
2.613574015,2.958122245,3.495526481,0.274649441,0.730098249,0.507653517,0
26.18475927,28.09649848,28.78901612,4.430650469,4.673088539,4.819194618,1
6.495769041,6.170824368,3.752369151,0.868281676,-0.350559308,0.080501364,0
6.495304531,6.086909127,5.399890427,-1.816932167,-1.704684391,-1.634167901,0
21.85994566,23.61057351,21.77138314,3.969768189,4.231817376,4.047859968,1
11.1359608,19.47883714,19.85491414,-2.782794235,-3.969736247,-4.024349836,1
4.492765033,93.19638042,8.038466785,-1.041433686,6.765161889,0.858998897,0
5.131414019,13.2498967,21.01290815,0.836909492,1.570186189,2.859685996,0
6.552568004,7.32887344,6.815447106,1.003917881,1.358986191,0.908832275,0
17.12847582,17.71915997,25.98766309,-2.451774157,-1.836243841,-1.172342943,0
5.711224643,3.395189983,7.732746323,-0.148520677,0.046224872,1.745046262,0
18.64783987,20.84323323,20.63287124,-3.623758503,-3.9619812,-3.953926393,1
11.03669973,4.692643825,12.08003524,1.047014636,0.165958408,-2.76107631,1
2.433663225,5.85949365,2.509550849,-0.897741589,-1.569988694,-0.780024349,0
21.00496821,21.01982741,22.5165209,3.641975795,3.75354718,3.915077474,1
13.90403396,3.534254246,3.180233022,2.469670286,0.87243918,0.5370954,0
5.622478134,7.308131067,4.959680218,0.874897237,1.336079107,0.567985835,0
7.127502134,6.781332698,219.6770884,0.110605073,0.010889572,13.23754308,0
19.78257139,17.94517689,18.49840147,3.701487011,3.537183506,3.581027963,1
2.724287423,7.079282847,9.806958179,0.680204269,0.561045423,-1.780009308,0
3.155355743,3.695342322,3.527129176,0.144877036,-0.01961818,0.12581073,0
20.41241475,20.97999223,23.2018286,3.930210464,4.191748301,4.413105396,1
4.734862372,6.245977238,5.604914184,-0.971451985,-1.410751184,-1.136690247,0
3.960720657,2.693865157,5.751019365,-0.197471032,-0.289867807,-0.944540919,0
19.22178636,30.40887652,26.22435985,3.338364313,4.889818354,4.446499595,1
7.639257783,7.344057523,4.46708978,0.855897857,1.319665847,0.638747352,0
24.19581751,27.57395953,29.28461948,4.183189258,4.620131093,4.778795883,1
19.44950719,19.86476394,17.92104718,3.284616728,3.324905905,3.144711555,1
19.64321646,22.20127827,22.20424831,3.709191504,3.979420637,3.928002211,1
20.20385274,20.59859657,20.3710392,3.775075998,3.751596327,3.819405289,1
6.699173312,6.090621365,68.88908201,-1.090618535,-1.488602213,-6.278285634,0
14.68316974,14.10640656,14.48326091,2.218869628,1.952175351,2.406321193,0
21.06937579,19.48034043,26.95124893,3.173258584,2.97369424,3.664201004,1
4.065974628,9.111283276,45.06880719,-0.894299024,1.500729745,-5.89853102,0
18.24247043,21.0610058,21.0142226,3.279185011,3.72802088,3.793480696,1
2.98515769,3.097459472,3.234711025,0.140796143,-0.230839903,0.105141457,0
20.13160104,22.15574929,22.57558568,3.761574935,4.103201496,4.146530966,1
19.96073608,19.27896821,20.30908808,3.810361817,3.851626714,3.973462965,1
7.447523509,10.99115207,4.18830665,-0.651103879,-1.846525705,-0.521691414,0
20.04653466,20.46850152,20.82243332,3.817132945,3.885602026,3.985105303,1
15.78435822,18.01650964,16.44265622,-3.199067238,-3.745553698,-3.288967252,1
3.93175161,3.044571504,3.888870227,0.060963408,-0.180058081,-0.280236644,0
15.28306752,20.09242972,17.3262747,2.720820123,3.740992516,3.427713358,1
10.13257348,7.191513946,6.898141651,0.043639461,0.818465641,0.667400378,0
19.36627999,17.31159501,20.35130062,3.704219917,3.222713263,3.843024971,1
91.684588,8.931275357,3.786434521,6.282577249,1.100547173,0.470388629,0
8.708971903,35.43040787,32.01280616,0.951511495,4.839223624,-4.382533929,0
4.306356981,7.315760927,6.052822823,0.561103469,-0.014821973,0.999614357,0
9.774167172,40.28871931,2.939320366,-0.867002846,-3.217941505,0.48861909,0
25.36165851,25.88422702,25.68821379,4.63003659,4.652253373,4.664764101,1
3.245665744,8.490917758,3.35384987,0.066523774,1.983277325,0.332289484,0
11.29831932,8.957933431,13.54643504,0.616224191,-1.496395413,-2.2853107,0
18.46841078,20.44202841,19.19101353,3.619893716,3.946487755,3.77429183,1
4.719751555,4.546968496,5.091138767,-0.127617657,-0.208843138,-0.491568134,0
22.17026485,21.05485764,20.1605721,4.13524264,4.019645109,3.926031959,1
22.43467388,23.79080832,21.66680442,4.149006158,4.280854783,4.108876091,1
5.106012431,6.41672903,7.650817597,-0.342052977,1.065056058,0.073573979,1
16.40824053,19.05909117,20.33558319,3.113194266,3.56273148,3.764888251,1
4.959777124,5.89749888,5.497142476,0.982946466,1.08777525,1.197219333,0
4.333397539,24.70260809,3.516812109,-0.785686516,-3.323845481,0.303976707,0
20.88010287,21.87356863,22.76174905,3.840446107,3.995094477,4.082663997,1
19.36428867,5.145675519,15.31414949,-2.742100556,0.625239942,-1.745123532,0
25.11406074,28.18739257,27.48264451,4.369104322,4.747799462,4.692849256,1
22.45817107,24.12505451,22.67012186,4.060255485,4.292297236,4.088299911,1
22.36396562,23.97640015,26.23101997,4.293594091,4.48127828,4.701809347,1
19.99098191,22.09715877,19.41957976,3.857669953,4.082876456,3.86215641,1
3.343319406,6.572991496,5.051587586,0.057760109,-0.224951583,0.925326701,0
23.83384215,28.03361902,29.97898118,3.976547343,4.810183244,5.024831172,1
4.252883248,9.749100147,5.827624773,0.686959055,0.38402007,-1.220194142,0
18.51857438,20.213144,21.1236077,-3.58245103,-3.790930953,-3.940581662,1
3.366297473,3.020148083,2.413662352,0.055085476,-0.471746427,-0.258961767,1
5.306572793,9.993889372,5.065601879,1.160001695,1.862073272,0.984466041,0
12.20238496,19.82899317,18.9862168,2.712753935,3.815454039,3.655794747,1
3.34352587,3.139233195,2.972883812,0.397529146,0.107932803,-0.158528016,0
20.08963777,20.76431773,21.3361196,3.836833221,3.857054594,3.990294126,1
17.70919228,18.79621304,18.77225023,3.52738031,3.664061026,3.604330796,1
10.49809639,22.01126144,21.27624791,-1.57764817,3.866965501,3.861786804,0
8.273128788,4.908772681,10.46946662,0.889566903,0.111780263,-1.439434094,0
25.46454426,21.30104082,21.57862098,4.336384317,3.912938304,3.997223968,1
26.82793724,24.98348659,22.34315402,4.61494053,4.350868474,3.976682958,1
24.18238714,25.08509099,27.84224244,4.073822657,4.234466531,4.572422844,1
44.42286606,9.89932101,5.363834773,5.084364143,-1.726492482,-1.16544431,0
3.887868127,8.502108433,5.471700545,-0.072515648,-1.914390421,-0.747566875,0
10.48529369,3.277253189,3.521419659,1.597751966,-0.074349548,0.403285382,0
21.35487063,18.75483987,19.73452491,3.976749333,3.628241538,3.805981894,1
17.65975348,3.659442763,3.897458999,-1.997295845,-0.576116787,0.419397056,0
18.64146041,18.85821562,21.45046896,3.545486093,3.637156605,4.014841137,1
4.23843554,3.513133567,2.957491552,0.540133418,-0.022308287,0.351292833,0
21.04336794,21.41442115,24.85568473,3.756749741,3.799035789,4.148724437,1
2.670053277,5.563602045,3.526657292,0.13308582,0.494730092,0.591438436,0
17.17310302,14.74436437,15.8790109,3.411179157,2.957282967,3.128781638,1
23.71683378,24.50449195,22.8522525,4.15241396,4.113141454,3.990339599,1
25.23623576,26.50779653,25.95562764,4.510130196,4.674336783,4.646246762,1
2.078326561,3.146368751,5.473785705,0.029072487,0.294437716,0.179540875,0
16.9473294,19.1553785,18.80870352,3.600781671,3.909053982,3.879593981,1
16.89318135,11.15977002,5.440578246,3.364136049,-1.9181888,-0.102941311,0
4.443861102,4.742213909,4.067924695,-1.013095934,0.53090949,-0.500622059,0
18.36809587,24.29822799,26.54323604,-3.295307505,-4.413697351,-4.638168359,1
16.26352514,19.94242672,18.45905341,3.443781228,3.885924119,3.8229942,1
8.04844339,20.71657944,22.27160733,-1.542791574,-3.395739365,-0.869916527,0
22.18408621,19.53339452,18.09406364,4.004386942,3.598810348,3.413956926,1
3.27474733,4.365370304,3.243712702,-0.227241185,0.979133392,-0.020600334,0
20.60654834,21.76418033,21.0297054,3.806653944,4.00819302,3.98683045,1
2.178634855,2.22749237,3.761685645,-0.008287946,0.275122754,0.731502695,0
8.028807408,2.843537765,3.947255306,1.431712105,0.01329998,-0.336508929,0
6.535516804,7.941115431,4.221376952,-1.044530774,-1.669290565,-0.814259819,0
5.878799382,4.836811694,4.612875423,-0.318672855,-1.243321564,0.641927916,0
4.447201932,7.098186111,13.20484962,-0.099375285,-0.500627251,1.168645867,1
16.44449284,19.97308813,20.4403442,2.95053148,3.65439447,3.69833321,1
21.25810027,17.51893877,7.406650358,-2.140158727,-2.042210188,0.338414607,0
11.72006415,9.401806445,14.15255305,2.532668956,2.179962772,2.611072485,1
3.080457041,4.562009039,4.272292528,-0.065276699,0.711288627,-0.021468824,0
4.632991476,4.552575213,4.649488121,-0.553187641,-0.170951288,-0.503261776,0
18.34367923,24.49719316,39.30909654,2.970127548,3.787954753,4.922301191,0
15.80346252,20.28129176,22.03197303,2.90697092,3.842514427,4.006186785,1
18.74101872,17.72786771,17.37002086,3.551753159,3.511946347,3.469374434,1
3.742573813,3.845484972,8.111931026,0.048278489,0.405958441,1.080684532,1
4.305852352,23.63320148,8.778073614,-0.807270098,-2.331372871,-0.869794389,0
4.81144801,5.022995126,3.740051021,1.158662121,0.69865377,0.305945228,0
22.33463996,22.13177646,21.68689716,4.090252965,4.066615148,4.030642896,1
15.84308762,18.221255,18.75702529,3.09550854,3.280628203,3.454350502,1
21.49259998,12.85260665,36.77815935,3.928236143,-0.427487724,-4.558569794,0
17.73792112,19.56070446,19.10233447,3.173575606,3.449071021,3.475864899,1
5.018551758,15.59619233,4.477560137,-0.354708565,-2.314447978,0.46325006,0
22.44159787,25.32335874,21.85475723,4.062814576,4.361241862,3.916003943,1
4.121885446,3.819556913,3.580555015,-0.450074612,-0.280179219,-0.367324089,0
27.10038837,25.73412696,23.2864664,4.551254245,4.41923782,4.211957289,1
20.40208269,22.93075178,21.09687332,3.859247726,4.207034518,4.045954673,1
6.542288677,4.783098979,5.437370898,1.51839951,0.203006989,1.065633995,0
23.25665947,24.29706507,23.64107594,4.151806748,4.249442804,4.179774904,1
15.49393575,15.8773793,17.93629182,-2.818363163,-2.99740535,-3.217220605,1
3.65298771,5.066397115,7.574120917,0.118145655,0.521602338,0.058855373,0
19.88975359,24.25779647,23.30104693,3.59877972,4.043921323,4.014547876,1
9.039781607,10.03016246,22.75457588,0.590908953,-0.997290008,3.22695494,0
5.253445045,8.756235842,4.259283704,1.606522185,2.414965098,0.981797057,0
3.132898914,2.994205254,3.00875004,1.136580161,-0.417599596,-0.086766473,0
20.77501656,22.08515248,25.2112984,-3.585694045,-4.040057608,-4.373443825,1
10.37152695,4.004063148,3.447086576,-1.817569096,0.116691555,0.703601478,0
2.68453907,32.11621498,5.282333134,0.062808197,5.095613,-1.36247982,0
3.580616041,6.154133999,6.757995486,-0.290920182,-0.945188016,-0.923457799,0
2.431389932,5.453748542,9.26116775,-0.432300244,1.152055907,1.97302723,0
18.05563326,18.14713152,19.08227126,3.577410724,3.661585528,3.77296991,1
27.65314501,27.65497813,28.39975358,4.726596318,4.667526185,4.839405277,1
3.389775363,2.974786319,6.4034638,0.691326583,0.501326926,-0.629311138,0
4.147657197,6.130132069,3.229261542,0.791728163,-1.509593733,-0.384237924,0
8.21723386,4.732188231,13.49945707,1.649651068,-0.289384188,-2.623125988,0
25.9663378,28.41892328,25.70591231,4.54985988,4.735958881,4.420466869,1
21.33371034,21.2785406,20.18466171,3.980361479,4.027290198,3.915205504,1
91.86785547,89.06658998,112.381829,6.365818002,7.574685815,8.046670422,0
23.64166645,23.14938526,24.18697536,4.178675879,4.252117349,4.302402254,1
25.02757281,23.4675591,23.50708795,-4.463369963,-4.379432286,-4.354697193,1
20.62910423,19.97078875,20.31294652,3.880429647,3.852932233,3.937163148,1
8.496646748,3.429249412,4.729741483,-1.602963961,0.158882769,-0.1715171,0
34.73572694,56.26004034,9.364549103,-3.662493987,-6.144540173,-1.486444942,0
17.59482365,16.04001591,16.10966009,-3.483607253,-3.248703036,-3.186218471,1
9.472040223,2.852042719,8.574374636,-1.722476126,-0.16249394,-1.624198648,0
9.586207088,4.137621896,4.697058619,-2.102403818,0.774533765,1.024174746,0
3.885716934,3.447752505,3.210873503,-0.030541541,0.160394705,-0.113703283,0
16.42545677,18.27872603,22.12799777,3.307688535,3.631473298,3.763787822,1
17.91378486,24.64771878,21.07961501,2.628747806,4.184238849,3.767916631,1
26.2297396,23.43394392,25.71999948,4.564598833,4.290633665,4.441495795,1
3.503510371,8.928599027,5.268293548,0.996597445,1.382728219,0.937607495,0
23.78644629,25.34696638,27.9060285,-4.18706162,-4.428426075,-4.64429095,1
20.63945169,20.58361089,20.38616908,4.02117705,3.962324851,3.980512241,1
22.99850274,25.88299108,26.07437014,4.060266699,4.382597534,4.437357507,1
6.506518402,24.3927562,7.587793579,-1.490265853,-1.73105916,1.331997443,0
12.52490828,11.53815974,13.49521783,2.525771486,2.271163355,2.546546099,1
22.3758287,19.61974124,20.35174035,3.966024796,3.74176115,3.81700364,1
14.10048076,21.90000208,21.83673102,2.696499283,4.044310335,4.002275987,1
24.36567465,25.6324558,25.38048507,4.434581795,4.648449065,4.620998018,1
7.757955456,13.56125451,14.75996171,-1.467909446,-2.673453207,1.409077905,0
6.174019658,3.671777501,5.730401197,1.19509297,-0.612015194,-0.686508861,0
6.663879976,8.738888405,6.612830477,-0.095124979,-2.027584088,-1.369477245,0
27.91002756,26.84485295,27.85539029,4.843710142,4.735428613,4.826023839,1
23.88178132,23.49452906,23.2972469,4.160697927,4.208436295,4.210849862,1
8.922448741,5.27105849,10.75149384,-0.007724004,0.466306439,0.624399824,0
10.67981222,21.44911495,6.132938703,-0.559045413,-3.765190857,-0.803664664,0
169.136727,33.76017691,4.666621607,-11.85674627,-5.303865863,-1.212760553,0
30.69688226,28.91078072,35.00705628,5.060477121,4.926714984,5.415698467,1
16.87494369,19.73989295,18.28062521,3.343277541,3.807100743,3.637480198,1
15.79612034,16.55207405,17.38671254,3.262661601,3.474882387,3.645545004,1
13.04782013,26.72379095,7.191382904,1.736780019,3.507534473,1.070188788,0
2.508490577,6.597441889,2.66992087,-0.235296784,-1.734398479,-0.421981029,0
2.961666495,39.67599523,16.9989518,0.565630902,-5.492329905,3.24679322,0
24.23577234,22.51048647,22.89427855,4.299808222,4.234732436,4.259342184,1
3.321041875,4.276473606,4.597375822,-0.422341068,-0.431071375,-0.666315132,0
26.96291395,25.56815332,25.69569815,4.528224213,4.416490369,4.435682922,1
9.185894122,5.844387076,4.140063185,-1.790077742,1.057518344,1.008866742,0
28.25086656,26.4248171,26.79312602,4.812374077,4.734780565,4.746651135,1
19.96799662,25.51925404,24.34315186,-3.774043898,-4.391834831,-4.330929473,1
4.346022209,4.654252941,6.570328364,-0.45591787,-0.739600677,1.062181374,0
9.245903739,5.234500252,5.926170886,-1.158208235,0.454417643,1.187384503,0
4.532869251,4.855229433,6.34668902,-0.325411199,-1.02335419,-1.37250794,0
4.321932585,3.652132537,6.265430676,-0.761735497,0.25768234,-1.361885833,0
4.039629208,3.444558445,3.705688479,0.021971821,0.226421388,0.127267396,0
5.285912853,4.007694777,4.332103281,-0.577285997,0.526934552,0.50841895,0
11.48929312,9.613048491,13.29714484,2.435528932,1.746022975,2.034848418,0
12.82195726,3.618964962,13.87790228,-0.762018782,0.826533193,2.170452484,0
9.472145319,14.66555674,5.306129116,-0.93873479,0.02725211,-0.438973631,0
25.93962688,27.07463056,28.62626784,4.580558278,4.629817086,4.748608406,1
30.86878968,26.97401961,31.59989197,4.881778621,4.520355915,4.877096729,1
11.71184081,18.33865754,20.18958986,-2.145030706,-3.321317598,-3.573420772,1
5.615633337,2.551241911,5.728397882,-0.478738793,-0.488535554,0.568352168,1
2.948560187,2.128786801,2.985665469,-0.201550565,-0.068340048,0.428262661,0
3.734664825,6.792306473,3.967253904,0.579899838,-1.63229373,-0.087171143,0
2.706337485,4.542238494,3.589304458,-0.122313394,-1.363582447,-0.71423904,0
20.67647711,20.09392365,15.44606613,4.004518539,3.917187044,3.01969525,1
4.566137364,8.478301476,7.371422552,-1.333345228,-0.600696892,1.306484649,0
6.054519849,13.57375357,12.32163495,1.238998675,2.411793708,2.417716246,0
81.11208207,116.8612395,145.5078237,-6.412281801,-8.665279959,-8.942511061,0
15.82407858,20.75754654,20.68972561,-3.024964805,-3.84860438,-3.894165102,1
11.02278244,5.949666864,5.112757999,-2.433146844,-1.53241262,-1.49591091,1
36.06932176,14.59874642,8.873494677,5.031151814,0.899658093,0.416217465,0
18.59488654,21.56073197,22.12585359,3.692160554,4.133579001,4.223598732,1
23.31184745,25.22250926,26.26933746,4.286710672,4.407997673,4.504011489,1
32.32805073,29.35203432,29.37457001,5.240232884,4.917976548,4.832777715,1
18.63447998,19.08526076,16.94598868,3.539923327,3.632147754,3.163104282,1
5.226107624,15.0395261,8.248892368,-0.053660006,-2.460133388,-1.691127815,0
24.13891324,25.13558642,24.97001462,4.234230481,4.396033543,4.406970052,1
17.5157982,19.52681257,20.27717609,-3.330219425,-3.733918355,-4.004608768,1
18.45644468,20.00302083,20.38500502,3.621140705,3.850154216,3.817900414,1
16.19833841,23.15497693,24.40325822,3.139195014,4.27065684,4.197406593,1
24.20226131,19.63021971,17.44010946,4.268637427,3.672152624,3.208640024,1
23.82272756,21.44340365,20.34470101,3.916212916,3.772003563,3.557762043,1
6.069024081,10.57618838,10.13632439,0.575939265,1.553387958,2.152431223,1
7.957814571,12.40469322,10.24731346,0.191537884,1.433473949,0.458020032,0
12.48060566,8.528491655,4.074262306,1.710980983,1.069067366,0.366796716,0
17.25792706,20.90734111,24.67103226,-3.106221953,-3.700546218,-4.073792763,1
3.65946399,5.976330905,8.221980041,0.279616431,-0.007759256,-1.177672681,0
18.73474045,20.72986863,21.42718938,3.652779728,3.896674346,3.970782788,1
18.07580044,19.04516817,14.69284686,3.269197857,3.348852635,2.862728423,1
8.492263995,4.292233644,5.928100882,-1.832431545,-0.329635354,-1.34504799,0
24.20480095,23.14030866,25.90231028,4.215264877,3.938411989,4.528703087,1
20.99580905,20.69696765,20.6546939,4.199724663,4.188640839,4.200309448,1
6.285555376,10.21340346,5.751019144,-1.382592395,-2.129195423,-1.276793959,0
3.200049712,4.119429578,5.336331794,0.221345826,-0.204553435,-0.733254962,0
20.99842725,19.45989549,19.51689344,3.823812248,3.298935126,3.482455617,1
17.11823735,18.97861994,16.16215062,3.396576928,3.657436397,3.302790578,1
16.93805311,21.66132717,23.2792796,-3.266711042,-3.977702591,-4.049640436,1
17.01844634,20.66558979,21.67081664,3.337129135,3.71868177,3.918644296,1
22.37681403,25.07250259,22.75670229,-4.278148897,-4.567069877,-4.352360153,1
21.39092791,25.73742525,22.61044373,3.993661297,4.491389302,4.18083282,1
4.254682056,5.261985845,3.424473521,0.069248991,0.080385221,0.107990148,0
10.84795972,15.89956227,10.55168594,2.07931231,2.487927252,-0.341564185,0
20.36378449,20.60571898,15.70003025,-3.766429425,-3.792897152,-2.945798662,1
21.83133159,19.22015024,21.06045129,3.837644731,3.70290356,3.882818261,1
22.93339148,25.85706628,26.28785483,4.091928001,4.512338684,4.575766357,1
20.90813828,9.277399276,19.51043364,3.499108121,1.826060305,3.573789194,0
2.833497845,2.952437865,3.082556368,0.289790171,0.084840329,0.321181511,0
16.89892813,18.5850158,16.36364628,3.60076314,3.734717512,3.489764376,1
20.91243209,49.96908499,26.29329225,-3.31867761,-5.900730514,-4.389498712,0
45.0880447,40.47727991,50.30537541,-5.709416458,-4.468772357,4.983069465,0
20.99653114,21.17475854,20.35276767,3.981245005,3.979113417,3.975705377,1
5.045596196,5.26558416,11.5148815,0.707691477,0.749105975,-1.465600311,0
18.78202148,20.90542577,20.65830201,3.585456,3.945493182,3.902349822,1
16.56222141,21.51597663,18.83290585,3.390546738,4.060661535,3.7828439,1
21.00900114,23.00131049,24.17197048,3.980322039,4.230686839,4.251216899,1
12.29390058,27.95630368,3.358060428,-1.957751484,-3.131943721,0.849696965,0
7.786925386,3.058160581,4.398064455,1.517914368,0.562327437,-0.510728156,0
4.096274305,7.242425611,5.173521632,0.084359034,1.530531875,0.894724866,1
23.00272297,21.26786689,23.08690601,-4.135695638,-3.955695641,-4.178732875,1
3.244854539,3.204576691,8.306280829,0.49563406,0.258599816,-0.939256207,0
20.87305776,19.78403372,18.9576646,3.850144354,3.754677557,3.654855844,1
24.79056832,38.42134071,23.82365668,-2.477268897,4.620532905,0.720245938,0
26.84306874,22.4972615,25.23813865,4.462034828,4.058838689,4.342806137,1
16.87113639,18.67364836,20.96486502,3.452744134,3.709008551,4.055279898,1
18.32528172,19.99881924,22.22689765,3.324969775,3.768746774,4.164472762,1
27.28134956,26.06360475,26.41075487,4.692540663,4.617939531,4.619700601,1
28.57586375,27.04265354,29.15807475,4.801755779,4.62672225,4.832946845,1
21.61275901,20.71122432,22.16461724,4.022783107,3.916972052,4.177636688,1
21.36908392,85.45197826,30.89747764,-2.382649758,-7.927462392,-4.294121002,0
4.953347805,10.88907618,3.365318466,-0.696983312,-1.66935152,-0.200993857,0
29.0188419,31.20645723,28.58489135,4.944923069,5.115938148,4.903045776,1
18.04282717,18.53456471,18.55536868,3.590224532,3.602413536,3.58288448,1
19.85598707,19.25079354,20.56438542,3.948961999,3.932981065,4.06613403,1
13.07322432,10.64919652,3.981782457,2.730723485,-1.887558177,-0.577959056,0
15.54066618,24.31138577,22.47438699,2.746086296,4.414687096,4.23772813,1
2.937821533,7.31913341,9.493242306,-0.0192805,1.221120079,2.019316393,0
6.828987214,4.243213673,3.762730239,0.943002603,-0.562489192,-0.493511875,0
4.473734106,12.79588761,7.16427916,0.576638653,2.240980623,1.085489438,0
18.63482638,20.77013408,20.37331055,3.323882697,3.873889699,3.879913394,1
28.81615038,28.94055321,31.0082584,4.734981076,4.866064975,5.016666854,1
8.189255593,14.16274959,18.30994363,1.277880705,0.648716372,2.494024083,0
28.31382806,27.35683596,26.32301257,-4.814735228,-4.812729663,-4.76875178,1
27.15819887,26.13966774,26.749343,4.589486534,4.502313477,4.506262682,1
22.97345563,23.38292679,22.09935221,4.073333186,4.183741415,3.818867901,1
20.99553266,22.34855488,20.87618092,-3.285050077,-3.544502288,-3.309109364,1
16.41752552,17.11755294,17.58251294,3.579287157,3.589643452,3.684440519,1
26.56671534,26.20510923,26.24524703,4.527239624,4.478114304,4.483910382,1
4.710661743,3.566228905,4.574532776,0.663131899,0.294090229,0.645720859,0
4.066755675,27.89482231,15.24539148,-0.249255386,-4.461778669,0.751912452,0
16.3661401,17.14333047,22.72021272,2.829052668,3.062430338,3.924041145,1
6.049356475,3.619319766,4.559626268,-0.895674984,0.293130643,0.958118105,0
19.27085271,19.18195748,18.38222903,3.631525813,3.607201998,3.520565706,1
22.27707738,17.5437106,9.441035379,3.452678858,2.485794326,1.422614883,0
15.78188336,18.44298203,19.70131857,3.073249471,3.509947101,3.507565725,1
24.96065348,24.83815575,25.28575066,4.256114249,4.256747766,4.30368135,1
14.78376193,17.59804774,17.21211482,2.91012802,3.508723663,3.371180626,1
15.04129827,16.58522114,17.36294581,2.949700085,3.247702667,3.187194034,1
4.447455782,8.686323015,3.100284054,-0.089158437,1.838654408,0.087757232,0
5.98616486,6.383240891,6.830287147,1.270961546,-0.698052677,0.975744841,0
18.75146622,19.71026421,17.19203614,3.71679741,3.776930909,3.507357156,1
14.19285248,18.08307276,15.57936376,2.887376996,3.015174937,2.848162349,1
10.34502986,17.60678343,26.10271723,-1.75200374,-2.466762313,-2.981888231,0
16.27596682,17.44928498,16.35514369,3.263135449,3.461929813,3.328426987,1
17.71440001,18.13314097,19.03797055,3.489775049,3.578928348,3.696540142,1
3.165230799,28.82387431,12.03943573,-0.383983055,-4.406416801,2.616170135,0
3.716519697,5.276283531,4.895282882,0.271578714,1.339398459,0.753202726,0
6.564333899,6.132189949,6.206474842,-1.163154419,-1.247778581,-1.377382388,0
17.4474147,17.48277872,17.1443751,3.433741332,3.412577792,3.370548589,1
21.53416789,24.45521984,22.225827,4.144851056,4.520324095,4.304427767,1
7.142819941,5.66733977,6.233941993,-0.335643617,-0.86905526,-1.22878248,0
5.725319828,5.702922462,6.192725516,1.519892408,1.505604465,1.546886932,0
19.57685652,20.21739234,15.27565432,3.831800015,3.79066286,2.943549497,1
3.684247205,19.86880353,28.52617497,0.102146674,2.942686466,4.034086265,0
14.44145951,20.06750772,23.06222032,2.453353349,3.59201511,4.147502242,1
17.16653305,20.5469641,19.28676474,3.351738717,3.763793249,3.715105611,1
32.76332226,35.78437725,32.5885085,5.170179807,5.422799347,5.140803997,1
18.15104514,17.27180714,15.37614589,-3.367434324,-3.319255853,-3.024000958,1
6.00635233,8.348161247,7.040217972,1.308124982,1.742635768,1.536667477,0
17.22615768,17.8159757,17.07630755,3.409756929,3.451085082,3.421068711,1
20.26642675,27.10945103,24.47507478,3.456034972,4.438376897,4.232540111,1
8.447624717,12.24098543,12.24827487,-0.048960602,-2.061128699,-2.144922653,0
9.670876868,7.909381143,6.581111004,-0.725643739,0.247490782,-1.220866441,0
8.787870759,3.902441175,3.277447447,1.997157842,0.739690199,-0.549740869,0
23.20039449,23.23136385,17.90526738,4.123997111,4.24609519,3.210491574,1
3.022570242,2.979321044,2.742441626,0.240745569,-0.684874589,0.195166662,0
4.383768522,3.985921155,3.141459188,-0.577338821,0.899466906,0.404503588,0
21.73148577,26.73999289,29.36450861,3.84869645,4.756636161,4.928367607,1
21.65621235,3.912038302,6.351056444,-2.848858923,-0.437697129,-0.885400526,0
18.82746282,21.26032299,18.90841602,3.434296135,3.958842856,3.46112639,1
17.29208272,18.58470548,20.50319647,3.356684144,3.50472474,3.835723013,1
19.67666085,18.65891441,16.58797286,3.486638623,3.375548898,3.206626629,1
24.94132583,20.98072356,20.84065367,4.195457348,3.700760012,3.85824415,1
7.611592993,4.792588976,8.579552622,0.250928589,0.582859281,0.66959004,0
5.787036984,6.977326576,3.705944555,-1.319827391,1.086031522,-0.091591876,0
3.322817025,3.271303483,4.484201914,-0.584659185,-0.55268611,-0.879964016,0
31.02711305,28.71190917,24.12424669,4.519933437,4.519696575,4.061364326,1
13.67902885,26.88000685,26.84284126,2.733953638,4.440730848,4.456949735,1
9.059085029,7.106717421,17.5268688,-0.062017675,-1.331397635,-2.440467829,0
4.402957536,3.190117498,2.472101342,-0.957514234,-0.292797543,0.211111939,0
7.606057194,10.53800484,5.922677217,-1.23543429,-0.951292843,-0.390872656,0
18.24054231,21.28539159,20.34022096,3.477469855,3.846492218,3.653993586,1
18.43854364,18.03735327,17.52867735,3.517987943,3.545640636,3.364516614,1
18.38348163,16.64733461,17.18005316,3.454836995,3.259235083,3.292536577,1
22.68118217,23.43942852,23.91381989,4.152075293,4.331310815,4.395129492,1
19.26659088,19.07770377,20.2468524,3.814536268,3.754661487,4.002817261,1
9.040537105,8.93100193,20.29969529,0.157869486,1.647066104,2.637555824,0
11.49489251,5.673214143,3.654294951,2.060681848,0.493668909,0.20962946,0
23.4443726,25.02127685,26.34664594,4.292228529,4.281732905,4.397151196,1
27.73994838,29.87711936,30.99251416,4.31315853,4.798517118,4.833806157,1
21.02919502,22.05674156,21.2321272,3.764906757,3.810982654,3.851360083,1
25.49177093,27.62520557,27.18640664,4.187053224,4.396655567,4.447076728,1
27.40642376,32.08753752,32.94404499,4.667489449,5.059763518,5.174029324,1
3.51660574,5.585101035,3.348798299,0.15788823,1.464950799,0.757089354,0
18.42159596,19.50307136,20.93731891,3.340445319,3.561209345,3.787953802,1
17.79085831,15.83019146,16.37860504,3.401845115,3.231349903,3.385485562,1
2.495208729,3.602352519,4.276226541,-0.149263869,-0.291195031,0.484725432,0
55.38396305,41.57230914,39.40217947,5.95277645,5.329209644,4.587649843,0
15.20158945,7.411789496,4.511325447,-2.594946712,-1.194917494,-0.22117221,0
19.47837958,24.22639947,21.64210577,3.646080945,4.084798632,3.972417568,1
4.928555004,3.867425502,3.209648706,-0.460521798,0.169057042,0.038904454,0
4.740259637,3.503223212,3.249089392,-1.10039529,-0.557727931,-0.388047024,0
9.404021214,7.029820393,14.86225196,1.57273651,0.96832144,2.143426592,0
3.606237761,5.650983274,17.17443274,-0.601453044,1.36248016,3.267990644,0
6.505527378,4.325322241,25.71274237,-1.145183816,-0.538360705,2.23677936,0
7.86316321,3.227344718,7.437436274,1.398244304,0.380847325,1.00394603,0
23.96463403,23.23084056,28.85733729,4.171540679,3.95191617,4.553081409,1
3.293359953,3.952106112,4.06703488,0.454775321,0.373633915,-0.604475512,0
15.46866313,21.85561995,24.72099664,2.994869402,4.057235679,4.497996698,1
3.363791024,3.342074817,5.435537543,0.110975438,0.004037996,1.002235896,0
19.87810171,25.59428647,23.50151336,3.732586208,4.300290712,4.097172756,1
9.162769821,5.384763045,14.62658224,-1.378926999,-0.563556235,-2.641749425,0
21.35626315,19.66908043,17.11129842,-3.956690342,-3.656264047,-3.101069821,1
14.29554153,16.52261778,17.66579778,2.759015195,3.146124524,3.297930885,1
17.58468906,16.44827383,17.35312213,3.37430266,3.334356885,3.360770655,1
27.22591627,29.05576203,30.08229487,4.723194365,4.917552423,4.934716973,1
25.38822408,27.4586204,25.80539036,4.415401835,4.670391446,4.505630984,1
22.75392787,21.65411798,22.62703141,3.977434655,3.903528282,3.964273958,1
3.198809195,4.016383812,2.878562755,0.167080718,-0.130013709,0.030602582,0
12.67059823,6.248057589,3.922204713,2.949029954,1.522383199,0.89083785,0
4.9499439,4.015362207,1.878721173,-1.023847597,0.877794524,-0.02657155,0
20.32121445,27.27694788,24.14225588,3.519480279,4.560061688,4.330942495,1
5.57191627,45.29401533,6.173310779,-0.683856367,-4.21109392,-0.042515677,0
15.66371345,19.12166625,19.85521768,-2.648096443,-3.127808993,-3.189647233,1
3.996897363,7.868627906,8.794684429,-1.298890205,-1.839386222,-1.999039392,0
24.75010153,12.74543665,3.573657973,3.912488161,2.688429832,0.575160877,1
17.7814695,20.21061158,19.7198696,3.692914392,3.952631066,3.928482411,1
5.529793692,8.808108623,15.00259126,0.045895529,0.512468697,-2.779320794,0
2.757456784,5.608743533,6.438162363,0.187213109,0.6238654,1.584557514,0
25.69655091,5.551896701,5.542475645,3.936905417,1.076477643,1.227500959,0
2.224654874,4.886900282,2.50336111,0.198279826,-1.744380486,0.099769767,1
31.11533181,30.74059929,27.47122362,-5.111667731,-5.138460601,-4.83928135,1
7.448555024,5.232958769,8.436505492,0.208989082,0.164694426,-0.71943806,0
19.70108893,21.73824038,22.71081738,3.652009102,3.99068228,4.037580528,1
12.69430437,16.47859947,9.583512536,1.522242737,2.586081665,1.857223026,0
14.5188288,17.77400007,17.76081995,3.020654166,3.560461156,3.60377208,1
26.69799783,25.72401432,24.81099219,4.564316571,4.349525846,4.205026641,1
17.99114963,23.21712164,23.5829835,3.264406109,4.298546509,4.310836235,1
23.19564462,24.85187055,28.16220695,3.763631487,4.26975957,4.511331336,1
13.33038404,14.88830536,32.23912442,-2.28598963,-1.754526543,-2.580689887,0
10.42447615,11.04002218,4.493299578,-2.188075309,1.199409241,0.008184527,0
5.770199855,12.22131769,6.253985337,1.203834947,-2.18108848,0.724535881,0
19.34425801,17.76224981,20.19618531,3.605141488,3.184351158,3.704915141,1
24.36151089,16.98755754,55.68402431,3.630982604,2.834562275,5.904348426,1
22.03087113,21.95312071,23.16944626,3.996142655,4.10667083,4.204091952,1
18.49461619,17.44497767,16.28961442,3.497735801,3.386012728,3.154589973,1
22.62595553,5.021642288,21.82572285,-3.116642863,-0.387661326,-2.710604098,0
10.22866684,7.88321612,10.96974126,0.136321431,-0.64764851,-1.140659021,0
4.053603129,16.44392208,48.47513507,0.271108065,-2.575031221,-3.664203202,0
8.13936399,26.01605908,3.175693862,-1.829018632,2.663823225,-0.286907992,0
18.56259659,20.69259638,18.79169883,3.668599908,3.948891501,3.733439051,1
22.0970669,24.53993087,24.44797927,3.883839107,4.394758717,4.471123305,1
